{"components/amp/category/product-listing":"{{#if theme_settings.product_list_display_mode '===' 'grid'}}\n    {{> components/amp/products/grid products=category.products}}\n{{else}}\n    {{> components/amp/products/list products=category.products}}\n{{/if}}\n\n{{> components/amp/common/paginator pagination.category}}\n","components/amp/products/grid":"<ul class=\"productGrid\">\n    {{#each products}}\n    <li class=\"product\">\n        {{>components/amp/products/card show_rating=../settings.show_product_rating theme_settings=../theme_settings customer=../customer}}\n    </li>\n    {{/each}}\n</ul>\n","components/amp/products/list":"<ul class=\"productList\">\n    {{#each products}}\n\t    <li class=\"product\">\n\t        {{>components/amp/products/list-item show_rating=../settings.show_product_rating theme_settings=../theme_settings}}\n\t    </li>\n    {{/each}}\n</ul>\n","components/amp/common/paginator":"<div class=\"pagination\">\n    <ul class=\"pagination-list\">\n        {{#if previous}}\n            <li class=\"pagination-item pagination-item--previous\">\n                <a class=\"pagination-link\" href=\"{{previous}}\" {{#unless reload}}data-faceted-search-facet{{/unless}}>\n                    <span class=\"icon\" aria-hidden=\"true\"><svg xmlns=\"http://www.w3.org/2000/svg\" width=\"24\" height=\"24\" viewBox=\"0 0 24 24\"><path d=\"M15.41 7.41L14 6l-6 6 6 6 1.41-1.41L10.83 12z\"/></svg></span>\n                    {{lang 'common.previous'}}\n                </a>\n            </li>\n        {{/if}}\n        {{#each links}}\n            {{#if this.number '==' ../current}}\n                <li class=\"pagination-item pagination-item--current\">\n                    <a class=\"pagination-link\" href=\"{{this.url}}\" {{#unless reload}}data-faceted-search-facet{{/unless}}>{{this.number}}</a>\n                </li>\n            {{else}}\n                <li class=\"pagination-item\">\n                    <a class=\"pagination-link\" href=\"{{this.url}}\" {{#unless reload}}data-faceted-search-facet{{/unless}}>{{this.number}}</a>\n                </li>\n            {{/if}}\n        {{/each}}\n\n        {{#if next}}\n            <li class=\"pagination-item pagination-item--next\">\n                <a class=\"pagination-link\" href=\"{{next}}\" {{#unless reload}}data-faceted-search-facet{{/unless}}>\n                    {{lang 'common.next'}}\n                    <span class=\"icon\" aria-hidden=\"true\"><svg xmlns=\"http://www.w3.org/2000/svg\" width=\"24\" height=\"24\" viewBox=\"0 0 24 24\"><path d=\"M10 6L8.59 7.41 13.17 12l-4.58 4.59L10 18l6-6z\"/></svg></span>\n                </a>\n            </li>\n        {{/if}}\n    </ul>\n</div>\n","components/amp/products/card":"<article class=\"card {{#if alternate}}card--alternate{{/if}}\">\n    <figure class=\"card-figure\">\n        {{#or price.non_sale_price_with_tax price.non_sale_price_without_tax}}\n            {{#if theme_settings.product_sale_badges}}\n                <div class=\"sale-sash\">\n                    <span class=\"sale-text\">On Sale!</span>\n                </div>\n            {{/if}}\n        {{/or}}\n        <a data-vars-product-link=\"{{url}}\" data-vars-product-id=\"{{id}}\" data-vars-product-name=\"{{name}}\" href=\"{{url}}\">\n            <amp-img class=\"card-image\" src=\"{{getImage image 'productgallery_size' (cdn theme_settings.default_image_product)}}\" width=\"300\" height=\"300\" layout=\"responsive\" alt=\"{{image.alt}}\"></amp-img>\n        </a>\n    </figure>\n    <div class=\"card-body\">\n        {{#if show_rating}}\n            <p class=\"card-text\" data-test-info-type=\"productRating\">\n                <span class=\"rating--small\">\n                    {{> components/amp/products/ratings rating=rating}}\n                </span>\n            </p>\n        {{/if}}\n        {{#if brand.name}}\n            <p class=\"card-text\" data-test-info-type=\"brandName\">{{brand.name}}</p>\n        {{/if}}\n        <h4 class=\"card-title\">\n            <a data-vars-product-link=\"{{url}}\" data-vars-product-id=\"{{id}}\" data-vars-product-name=\"{{name}}\" href=\"{{url}}\">{{name}}</a>\n        </h4>\n\n        <div class=\"card-text\" data-test-info-type=\"price\">\n            {{#or customer (if theme_settings.restrict_to_login '!==' true)}}\n                {{> components/products/price price=price customer=customer}}\n            {{else}}\n                {{> components/common/login-for-pricing}}\n            {{/or}}\n        </div>\n    </div>\n</article>\n","components/amp/products/list-item":"<article class=\"listItem\">\n    <figure class=\"listItem-figure\">\n        <amp-img src=\"{{getImage image 'productgallery_size' (cdn theme_settings.default_image_product)}}\" width=\"300\" height=\"300\" layout=\"responsive\" alt=\"{{image.alt}}\"></amp-img>\n    </figure>\n    <div class=\"listItem-body\">\n        <div class=\"listItem-content\">\n            <div class=\"listItem-details\">\n                {{#if show_rating}}\n                    <p class=\"listItem-rating\">{{> components/amp/products/ratings rating=rating}}</p>\n                {{/if}}\n                {{#if brand.name}}\n                <p class=\"listItem-brand\">{{brand.name}}</p>\n                {{/if}}\n                <h4 class=\"listItem-title\">\n                    <a href=\"{{url}}\">{{name}}</a>\n                </h4>\n                {{#if summary}}\n                    <p class=\"listItem-summary\">{{summary}}</p>\n                {{/if}}\n            </div>\n            <div class=\"listItem-actions\">\n                {{#if price}}\n                    <div class=\"listItem-price\">{{> components/products/price price=price}}</div>\n                {{/if}}\n                {{#unless hide_add_to_cart}}\n                    {{#if has_options}}\n                        <a href=\"{{url}}\" class=\"button button--primary\" data-product-id=\"{{id}}\">{{lang \"products.choose_options\"}}</a>\n                    {{else}}\n                        {{#if out_of_stock_message }}\n                        <span href=\"{{url}}\" class=\"button button--primary\">{{out_of_stock_message}}</span>\n                        {{else}}\n                        <a href=\"{{add_to_cart_url}}\" class=\"button button--primary\">{{lang \"products.add_to_cart\"}}</a>\n                        {{/if}}\n                    {{/if}}\n                {{/unless}}\n            </div>\n        </div>\n    </div>\n</article>\n","components/amp/products/ratings":"{{#for 1 5}}\n    {{#if ../this.rating '>=' $index}}\n        <span class=\"icon icon--ratingFull\">\n            <svg xmlns=\"http://www.w3.org/2000/svg\" width=\"26\" height=\"28\" viewBox=\"0 0 26 28\"><path d=\"M0 10.11q0-.58.875-.72L8.72 8.25l3.515-7.11Q12.532.5 13 .5t.767.64l3.516 7.11 7.844 1.14q.875.14.875.72 0 .343-.406.75l-5.672 5.53 1.344 7.812q.016.11.016.313 0 .328-.164.555t-.477.227q-.297 0-.625-.187l-7.016-3.687-7.016 3.687q-.344.187-.625.187-.327 0-.49-.227t-.165-.555q0-.094.03-.313L6.08 16.39.392 10.86q-.39-.423-.39-.75z\"/></svg>\n        </span>\n    {{else}}\n        <span class=\"icon icon--ratingEmpty\">\n            <svg xmlns=\"http://www.w3.org/2000/svg\" width=\"26\" height=\"28\" viewBox=\"0 0 26 28\"><path d=\"M0 10.11q0-.58.875-.72L8.72 8.25l3.515-7.11Q12.532.5 13 .5t.767.64l3.516 7.11 7.844 1.14q.875.14.875.72 0 .343-.406.75l-5.672 5.53 1.344 7.812q.016.11.016.313 0 .328-.164.555t-.477.227q-.297 0-.625-.187l-7.016-3.687-7.016 3.687q-.344.187-.625.187-.327 0-.49-.227t-.165-.555q0-.094.03-.313L6.08 16.39.392 10.86q-.39-.423-.39-.75z\"/></svg>\n        </span>\n    {{/if}}\n{{/for}}\n{{{snippet 'product_rating'}}}\n","components/common/login-for-pricing":"<p translate>Log in for pricing</p>","components/products/price":"{{#or has_options product.options.length}}\n    {{#if price.with_tax}}\n        <div class=\"price-section price-section--withTax\" {{#if schema_org}}itemprop=\"offers\" itemscope itemtype=\"http://schema.org/Offer\"{{/if}}>\n            {{#if price.rrp_with_tax}}\n                <span data-product-rrp-with-tax class=\"price price--rrp\">{{price.rrp_with_tax.formatted}}</span>\n            {{/if}}\n            {{#if page_type '!==' 'product'}}\n                {{#if theme_settings.price_as_low_as}}\n                    <span translate>As low as </span>\n                {{/if}}\n            {{/if}}\n            <span data-product-price-with-tax class=\"price\">{{price.with_tax.formatted}}</span>\n            {{#if price.without_tax}}\n                {{lang 'products.price_with_tax' tax_label=price.tax_label}}\n            {{/if}}\n        </div>\n    {{/if}}\n    {{#if price.without_tax}}\n        <div class=\"price-section price-section--withoutTax {{#if price.with_tax}}price-section--minor{{/if}}\"  {{#if schema_org}}itemprop=\"offers\" itemscope itemtype=\"http://schema.org/Offer\"{{/if}}>\n            {{#if price.rrp_without_tax}}\n                <span data-product-rrp-without-tax class=\"price price--rrp\">{{price.rrp_without_tax.formatted}}</span>\n            {{/if}}\n            {{#if schema_org}}\n                <meta itemprop=\"price\" content=\"{{price.without_tax.value}}\">\n                <meta itemprop=\"priceCurrency\" content=\"{{currency_selector.active_currency_code}}\">\n                <meta itemprop=\"availability\" content=\"{{product.availability}}\">\n                <meta itemprop=\"itemCondition\" itemtype=\"http://schema.org/OfferItemCondition\" content=\"http://schema.org/{{product.condition}}Condition\">\n            {{/if}}\n            {{#if page_type '!==' 'product'}}\n                {{#if theme_settings.price_as_low_as}}\n                    <span translate>As low as </span>\n                {{/if}}\n            {{/if}}\n            <span data-product-price-without-tax class=\"price price--withoutTax\">{{price.without_tax.formatted}}</span>\n            {{#if price.with_tax}}\n                <abbr title=\"{{lang 'products.excluding_tax'}}\">{{lang 'products.price_without_tax' tax_label=price.tax_label}}</abbr>\n            {{/if}}\n        </div>\n    {{/if}}\n    {{#if page_type '===' 'product'}}\n        {{#if price.saved}}\n            <div class=\"price-section price-section--saving\">\n                <span class=\"price\">\n                    {{lang 'products.you_save' amount=price.saved.formatted}}\n                </span>\n            </div>\n        {{/if}}\n    {{/if}}\n{{else}}\n    {{#if price.with_tax}}\n        <div class=\"price-section price-section--withTax\" {{#if schema_org}}itemprop=\"offers\" itemscope itemtype=\"http://schema.org/Offer\"{{/if}}>\n            {{#if price.rrp_with_tax}}\n                <span data-product-rrp-with-tax class=\"price price--rrp\">{{price.rrp_with_tax.formatted}}</span>\n            {{/if}}\n            <span data-product-price-with-tax class=\"price\">{{price.with_tax.formatted}}</span>\n            {{#if price.without_tax}}\n                {{lang 'products.price_with_tax' tax_label=price.tax_label}}\n            {{/if}}\n        </div>\n    {{/if}}\n    {{#if price.without_tax}}\n        <div class=\"price-section price-section--withoutTax {{#if price.with_tax}}price-section--minor{{/if}}\"  {{#if schema_org}}itemprop=\"offers\" itemscope itemtype=\"http://schema.org/Offer\"{{/if}}>\n            {{#if price.rrp_without_tax}}\n                <span data-product-rrp-without-tax class=\"price price--rrp\">{{price.rrp_without_tax.formatted}}</span>\n            {{/if}}\n            {{#if schema_org}}\n                <meta itemprop=\"price\" content=\"{{price.without_tax.value}}\">\n                <meta itemprop=\"priceCurrency\" content=\"{{currency_selector.active_currency_code}}\">\n            {{/if}}\n            <span data-product-price-without-tax class=\"price price--withoutTax\">{{price.without_tax.formatted}}</span>\n            {{#if price.with_tax}}\n                <abbr title=\"{{lang 'products.excluding_tax'}}\">{{lang 'products.price_without_tax' tax_label=price.tax_label}}</abbr>\n            {{/if}}\n        </div>\n    {{/if}}\n    {{#if page_type '===' 'product'}}\n        {{#if price.saved}}\n            <div class=\"price-section price-section--saving\">\n                <span class=\"price\">\n                    {{lang 'products.you_save' amount=price.saved.formatted}}\n                </span>\n            </div>\n        {{/if}}\n    {{/if}}\n{{/or}}"}